{"cameraMode":{"drawMode":0,"name":"Shaded","section":"Shading Mode"},"sceneLighting":true,"audioPlay":false,"sceneViewState":{"showFog":true,"showMaterialUpdate":true,"showSkybox":true,"showFlares":true,"showImageEffects":true,"showParticleSystems":true},"in2DMode":false,"pivot":{"x":318.4620056152344,"y":63.53037643432617,"z":141.2456817626953},"rotation":{"x":-0.00041996335494332016,"y":0.9941326379776001,"z":-0.10809800028800965,"w":-0.0038618810940533878},"size":4.657654285430908,"orthographic":false}